OM_ssb0,OM_ssb_R1_1990,OM_ssb_R1_1991,OM_ssb_R1_1992,OM_ssb_R1_1993,OM_ssb_R1_1994,OM_ssb_R1_1995,OM_ssb_R1_1996,OM_ssb_R1_1997,OM_ssb_R1_1998,OM_ssb_R1_1999,OM_ssb_R1_2000,OM_ssb_R1_2001,OM_ssb_R1_2002,OM_ssb_R1_2003,OM_ssb_R1_2004,OM_ssb_R1_2005,OM_ssb_R1_2006,OM_ssb_R1_2007,OM_ssb_R1_2008,OM_ssb_R1_2009,OM_ssb_R1_2010,AM_ssb0_,AM_ssb_1990,AM_ssb_1991,AM_ssb_1992,AM_ssb_1993,AM_ssb_1994,AM_ssb_1995,AM_ssb_1996,AM_ssb_1997,AM_ssb_1998,AM_ssb_1999,AM_ssb_2000,AM_ssb_2001,AM_ssb_2002,AM_ssb_2003,AM_ssb_2004,AM_ssb_2005,AM_ssb_2006,AM_ssb_2007,AM_ssb_2008,AM_ssb_2009,AM_ssb_2010
57480.1052408897,52868.4559725539,51906.7138554768,51119.888147754,50529.4907367996,50139.2440326087,49928.4557829171,49865.9549344597,49915.6336920873,50038.5994335817,50193.8143376302,50341.5879914029,50452.4475062601,50519.7752049117,50554.5804147312,50577.9988763948,50608.0175153101,50647.7438542433,50684.8785185012,50701.8699586008,50678.1682505083,50591.5061762012,55295.4,55295.4,54898.8,54470.7,54016,53541.2,53054.4,52564.7,52081.4,51613.1,51167.2,50742.7,50347.9,49984,49650.5,49346.3,49069.2,48816.9,48587.2,48377.8,48186.7,48018.3
57480.1052408897,53648.041217595,53349.5920992124,53102.902028084,52943.0718847224,52891.1324306358,52956.3746513248,53129.1303178077,53387.1734962002,53689.9957668823,53977.590188089,54197.8228293041,54325.5006638884,54358.3358001613,54304.4234921432,54172.8675896444,53971.9843276633,53720.4413931611,53450.5537912552,53197.1085626512,52972.3907216112,52762.6275903764,57705.5,57705.5,57308.9,56880.8,56426,55951.2,55464.3,54974.4,54490.8,54022.3,53576.1,53151.1,52756,52391.7,52058.1,51753.7,51476.5,51224.3,50994.6,50785.5,50594.9,50426.8
57480.1052408897,55579.625687336,55120.2599653129,54658.5445183907,54191.4549045138,53735.9831948555,53318.5199457897,52967.7019987159,52713.6900186331,52583.9161103398,52594.2847072386,52744.1169271791,53013.7268065259,53366.9995186984,53748.3688189654,54077.7735517607,54270.8207401636,54273.0119573082,54071.8570150754,53687.8942471013,53166.7634924642,52563.3009450388,57657,57657,57260.5,56832.3,56377.6,55902.7,55415.8,54925.9,54442.4,53973.9,53527.7,53103,52708,52343.8,52010.1,51705.5,51427.9,51175.5,50945.8,50736.4,50545.7,50377.6
57480.1052408897,58033.0092962783,57245.4461405368,56644.3177137306,56228.460150666,55964.4976760972,55799.4539747329,55681.3445372988,55570.0812733004,55443.3933533997,55298.0247275596,55139.6812764263,54985.2667907788,54851.3810783163,54750.7117844265,54690.8752554591,54661.4857023236,54629.3661474433,54546.2351459621,54369.2407611333,54088.2790460014,53737.1217066638,59512.9,59512.9,59116.3,58688.2,58233.4,57758.5,57271.6,56781.6,56297.8,55829.1,55382.7,54957.8,54562.8,54198.6,53865,53560.4,53283,53030.4,52800.7,52591.6,52401,52233
57480.1052408897,62844.2422874344,62665.8870487472,62409.1563358399,62125.064873872,61853.1378211397,61623.9334333823,61455.5838763168,61342.4380495798,61262.7331356985,61188.9392207301,61097.9961530209,60983.5519517648,60844.289768466,60679.8282922955,60493.9195158956,60291.1395243614,60081.9993467275,59871.8061089607,59659.3822991118,59435.6987611639,59181.0270180924,68627,68627,68230.4,67802.3,67347.5,66872.4,66385.1,65894.6,65410.1,64940.6,64493.4,64067.6,63671.6,63306.7,62972.6,62668,62390.9,62138.9,61909.6,61700.7,61510.2,61342.6
57480.1052408897,52681.1862665696,52857.714488272,52986.7527645121,53040.740019833,53012.6292996408,52921.6207634868,52793.7546950274,52646.9970714014,52488.9891167238,52306.7435703671,52069.2143702069,51741.9264430544,51297.3369874702,50724.676022792,50027.6428864428,49222.4299271553,48341.4610766227,47438.9327112582,46583.5327081383,45842.3672712154,45264.1030020114,52751.4,52751.4,52354.8,51926.7,51472,50997.2,50510.6,50021.1,49538,49070.1,48624.5,48200,47805.1,47440.9,47107.2,46802.8,46525.6,46273.4,46043.9,45834.8,45644.1,45475.8
57480.1052408897,53638.636304216,53561.7701902611,53462.7725778118,53365.4169892638,53270.5942008809,53156.6522381872,52993.2349659193,52749.2596474256,52392.2571901935,51888.2353983367,51210.9307509166,50359.7495084813,49367.0520787157,48290.2688217395,47193.4439316011,46134.0147386913,45149.5270937431,44253.8889290784,43446.5373772433,42722.7335449428,42087.3004889098,46021,46021,45624.4,45196.3,44741.6,44267.1,43780.8,43292,42809.8,42342.9,41898.3,41474.9,41081,40717.7,40384.7,40080.7,39803.5,39551.1,39321,39111.3,38919.9,38750.9
57480.1052408897,56858.4063664666,56007.4956363518,55265.9753514665,54664.3159898516,54216.8487574416,53929.3343811488,53807.8907998356,53856.7571237971,54072.7170534474,54437.4381714752,54916.5921409322,55466.9222407978,56041.5416399712,56590.2994588806,57065.1462235075,57416.5149210398,57584.6872884921,57511.4221675844,57158.7935800878,56531.6683332824,55672.3708590706,58278.8,58278.8,57882.2,57454.1,56999.3,56524.5,56037.5,55547.6,55064,54595.4,54149.1,53724.5,53329.6,52965.4,52631.7,52327,52049.4,51796.7,51566.6,51357,51166,50998
57480.1052408897,53241.4622261385,53370.9524282098,53442.1834916032,53431.7172420603,53326.9823632102,53124.882220128,52823.455126792,52428.4682551875,51956.56280949,51431.6581038026,50883.2747209963,50334.4224468312,49796.4313074199,49267.9502755647,48738.5180492445,48208.0014650753,47691.5729279774,47218.5515755357,46822.6578604529,46522.7499476505,46317.192221674,52896.5,52896.5,52499.9,52071.8,51617,51142.3,50655.7,50166.1,49683.1,49215.1,48769.5,48345,47950.2,47586.3,47253.1,46948.9,46671.9,46419.7,46189.9,45980.5,45789.7,45621.3
57480.1052408897,55258.4129918313,54420.9525026142,53636.8175939055,52919.5733290467,52254.4872455366,51608.236892669,50942.6683549543,50246.9332921759,49543.3797822498,48873.3063373859,48277.5144455429,47783.7920698416,47391.2502804011,47075.4688481845,46805.8569375255,46555.4975385162,46296.4147587148,46005.233248731,45679.4042993473,45356.4403739547,45096.5617494739,50154,50154,49757.4,49329.3,48874.6,48399.9,47913.4,47424.1,46941.4,46473.8,46028.6,45604.8,45210.8,44847.3,44514,44209.5,43932.2,43679.8,43450,43240.7,43049.7,42881.1
57480.1052408897,50518.0085192446,50129.232602653,49844.5011864886,49692.1335357991,49668.3917875055,49748.6642137061,49893.620509046,50043.0235932769,50127.8260866141,50087.3724728049,49885.8984288038,49504.4569651858,48934.3889338323,48188.0437208626,47308.6940158116,46366.0211480234,45436.9700000584,44585.0834791418,43851.9910540186,43256.4226663867,42806.9485580247,46970.8,46970.8,46574.3,46146.1,45691.4,45216.9,44730.6,44241.6,43759.3,43292.2,42847.5,42423.7,42029.5,41665.9,41332.8,41028.7,40751.7,40499.5,40269.8,40060.3,39869,39700.1
57480.1052408897,60755.8687977001,60462.6390171211,60082.330092641,59649.1894239695,59183.7671873164,58688.6203597582,58160.5148593381,57604.9027498554,57030.7140407303,56450.913630873,55884.559971707,55351.6437827654,54856.5368623321,54384.2445970034,53905.718499021,53391.9257384865,52828.5699511816,52219.2358802479,51574.1885597857,50895.5865188378,50178.8122828205,54124.9,54124.9,53728.3,53300.1,52845.4,52370.6,51883.9,51394.3,50911.1,50443,49997.2,49572.6,49177.8,48813.9,48480.5,48176.2,47898.9,47646.5,47416.6,47207.2,47016.1,46847.8
57480.1052408897,61524.421167483,60424.4849751883,59295.9995159171,58179.1459454476,57096.5462428488,56062.3376717818,55090.0068335022,54191.6587047015,53379.1227094804,52663.6970059853,52061.4251415868,51591.1597535426,51269.600640547,51099.4753497056,51072.3970918917,51177.637298197,51400.5051707265,51706.4134100463,52031.4991550242,52302.1864200221,52458.4943955914,59883.1,59883.1,59486.5,59058.4,58603.6,58128.7,57641.7,57151.7,56667.9,56199.1,55752.7,55327.7,54932.7,54568.7,54235.4,53931.1,53654,53401.7,53172,52962.7,52771.8,52603.6
57480.1052408897,52946.4836100953,53163.6044149481,53349.5412224435,53510.2983482586,53649.6156029426,53762.9067892391,53840.0259670511,53861.6928238628,53795.2348819297,53592.2944097774,53207.1053151929,52621.8582601359,51851.3192151354,50934.9945827135,49922.4585958687,48870.7146530275,47837.9296725352,46875.664690878,46017.6385908419,45286.18119214,44696.3268890544,47638.1,47638.1,47241.5,46813.3,46358.6,45884.1,45397.7,44908.7,44426.3,43959.1,43514.3,43090.5,42696.2,42332.7,41999.5,41695.2,41418,41165.8,40936.1,40726.7,40535.6,40366.8
57480.1052408897,57138.1199881144,56648.4058048331,56245.9784318096,55890.9960487764,55532.6139210367,55118.8919010683,54619.0321887408,54024.3628820516,53342.1707700907,52596.2545821446,51819.2671456245,51035.7010529103,50256.5096460014,49488.7920471339,48739.1535567189,48008.3891200165,47289.5454000056,46568.8534998955,45835.7362336755,45095.524957975,44370.4309588912,45075.7,45075.7,44679.1,44251,43796.3,43321.8,42835.7,42347,41864.9,41398.2,40953.8,40530.7,40137.1,39774.1,39441.2,39137.1,38859.8,38607.1,38376.9,38167.1,37975.5,37806.4
57480.1052408897,58680.8319708401,57863.4746486511,57126.063965261,56514.7185640216,56063.8026581188,55775.3280604317,55610.2203328641,55498.2879303529,55368.1817258645,55181.0272383814,54927.7684591441,54602.3612666648,54200.9477430661,53731.434292842,53217.2914902099,52687.8540155644,52166.3676288152,51665.29175983,51194.1228620283,50761.5298593936,50363.6090346774,55077.2,55077.2,54680.7,54252.5,53797.8,53323,52836.2,52346.5,51863.2,51395,50949.1,50524.5,50129.7,49765.5,49432,49127.7,48850.6,48598.4,48368.8,48159.6,47968.6,47800.3
57480.1052408897,52227.9582773251,51903.3987535605,51653.6148254794,51488.4202441475,51408.8808540194,51402.4095968522,51442.5002329683,51496.7233157737,51540.6153969869,51566.0761644587,51566.6333035889,51532.8670017404,51438.1772035006,51258.1258863273,50989.0600313131,50653.4547996747,50291.8988602408,49943.1920703943,49631.9582064602,49369.8499088895,49166.29546078,54392,54392,53995.4,53567.3,53112.5,52637.7,52151,51661.4,51178.1,50710,50264.2,49839.6,49444.7,49080.8,48747.3,48443,48165.8,47913.6,47684,47474.8,47284.1,47115.8
57480.1052408897,58575.6149484935,57963.0354815631,57103.0995293981,56111.8903902584,55110.581524737,54203.3871055272,53456.4544903087,52901.7924666811,52555.8913386776,52418.4477910521,52459.9017204884,52616.9239925331,52805.4547576464,52944.5605050435,52981.7147236938,52911.897823491,52766.0370532531,52591.0058689625,52426.9342464812,52298.9947221458,52213.924536841,60586.3,60586.3,60189.7,59761.6,59306.8,58831.9,58344.9,57854.8,57371,56902.2,56455.7,56030.5,55635.2,55270.7,54936.9,54632.4,54355.2,54103.1,53873.7,53664.8,53474.3,53306.3
57480.1052408897,54141.7911111566,54131.1433963194,54002.3105256839,53781.734331366,53487.7229094121,53124.873596092,52690.0622776599,52178.9036683552,51580.9400074083,50895.0316171572,50142.8844689238,49365.4155022804,48604.9904911246,47890.6154960311,47235.5701447277,46638.449566093,46091.3523523055,45591.6772395154,45153.3850004665,44800.6952931508,44555.9248492624,49314.7,49314.7,48918.1,48490,48035.3,47560.7,47074.2,46585,46102.4,45634.9,45189.8,44766.1,44371.8,44008.3,43675.1,43370.8,43093.7,42841.5,42611.9,42402.6,42211.5,42042.7
57480.1052408897,60251.8191433246,59335.6762437825,58525.3480983534,57786.9454191111,57076.6918930213,56360.441601678,55617.6405904236,54837.2883302667,54023.1873370045,53186.523839973,52340.3080935582,51494.0249638415,50659.1432430431,49850.0362117244,49076.1170515801,48358.2295521579,47731.608575657,47231.118784906,46877.7952373957,46674.2089453914,46608.6378033942,51864.4,51864.4,51467.8,51039.7,50585,50110.3,49623.7,49134.3,48651.3,48183.5,47738,47313.7,46919.1,46555.3,46222,45917.7,45640.7,45388.7,45159.3,44950.3,44759.4,44590.8
57480.1052408897,51255.6117153421,51095.535542706,50971.5500114715,50860.9237597851,50727.9911274232,50531.5166040122,50232.5142087315,49796.375760218,49200.5150169004,48444.1819036561,47556.0213452801,46589.8210215453,45615.1806062245,44707.9755382751,43934.6971129905,43332.4166521908,42906.4235232927,42632.9860954751,42472.6100234714,42392.4307054345,42368.1171033165,48373.9,48373.9,47977.3,47549.2,47094.4,46619.9,46133.5,45644.4,45161.9,44694.6,44249.6,43826,43432.1,43068.8,42736,42432.1,42155.1,41902.8,41673,41463.4,41272.1,41103.2
57480.1052408897,51509.6382891299,50961.1591852798,50530.2759954349,50269.7277431953,50177.7537726481,50199.4626669432,50250.6113074966,50255.4959722374,50172.3285814444,49995.5592373001,49745.2823044287,49447.9379959335,49124.9514256917,48791.9037327987,48469.4696197389,48175.4971260426,47931.9882391016,47761.7378221172,47681.2411598839,47696.8896944806,47810.3191614018,55457.4,55457.4,55060.9,54632.7,54178,53703.2,53216.4,52726.7,52243.3,51775.1,51329.1,50904.4,50509.5,50145.5,49812.1,49507.9,49230.7,48978.5,48749.1,48540,48349.4,48181.1
57480.1052408897,49635.1293960087,49779.1493454183,50059.8464022939,50458.9740271829,50939.1715520318,51451.8845788534,51944.1932563091,52364.0413311692,52669.9316819716,52843.2020707148,52896.5867962651,52869.2012565794,52810.1144459955,52746.6565614217,52656.579849779,52476.3117750138,52143.223560927,51630.2302078843,50946.9824351507,50122.6645568266,49187.433069613,51334.7,51334.7,50938.1,50510,50055.3,49580.6,49094,48604.6,48121.8,47654,47208.6,46784.5,46390,46026.1,45692.7,45388.4,45111.1,44858.5,44628.4,44418.5,44227,44058.6
57480.1052408897,58664.6443677482,58673.4748846683,58560.717236891,58340.1355304345,58036.9015950863,57686.1594722076,57306.8458874643,56883.8800883599,56376.0671620597,55745.2064329854,54978.7784979236,54102.207160217,53167.6270324359,52237.6666644355,51375.6689454169,50632.3640283499,50040.0806727462,49610.955329761,49338.413341152,49198.1023819814,49145.3500546118,55826.4,55826.4,55429.8,55001.7,54547,54072.2,53585.4,53095.6,52612.2,52143.9,51697.9,51273.1,50878.1,50514,50180.5,49876.5,49599.6,49347.6,49118.1,48908.8,48717.8,48549.5
57480.1052408897,57714.3397578355,57040.4059177254,56238.9516892794,55332.1816444199,54359.2659120344,53381.1903199074,52469.1337169837,51691.8317232217,51101.6024420331,50722.8910151222,50554.7241029927,50560.2738096787,50668.6425890822,50798.6132035825,50881.8037318353,50873.866565491,50761.5897739927,50556.8758796688,50278.3835387126,49938.9310642748,49543.9481551134,54595.8,54595.8,54199.2,53771.1,53316.3,52841.6,52354.8,51865.2,51381.9,50913.7,50467.9,50043.5,49648.8,49284.8,48951.3,48647,48369.8,48117.4,47887.4,47677.9,47486.8,47318.5
57480.1052408897,61300.1569767522,60923.4204374519,60459.9716530307,59945.2375476565,59387.1533581533,58764.9450424149,58058.3634565534,57264.9892453978,56398.3508553679,55477.6245556067,54525.2163741982,53576.6259704285,52678.422859555,51879.8694009635,51216.871800133,50696.1747922903,50293.0684858816,49970.769522891,49698.3510820928,49460.5234790721,49250.5851482695,54629.8,54629.8,54233.2,53805.1,53350.3,52875.6,52388.8,51899.2,51415.9,50947.7,50501.9,50077.4,49682.7,49318.8,48985.4,48681.2,48404,48151.9,47922.2,47712.9,47521.9,47353.5
57480.1052408897,55598.714087702,55304.761433321,54973.9368702368,54629.5479835246,54287.9928299746,53949.8671451658,53602.6472863367,53229.345977358,52818.2625142352,52378.4206709376,51946.7890513327,51580.9358355877,51337.0809177003,51250.6483486472,51322.0573241493,51514.8279651865,51772.0776122195,52028.3270964486,52229.6050054079,52330.6559511692,52285.8652531984,57998.1,57998.1,57601.5,57173.4,56718.7,56243.8,55756.9,55267,54783.4,54314.8,53868.6,53444,53049.1,52685.1,52351.6,52047.3,51770.2,51518,51288.3,51078.8,50887.6,50719.3
57480.1052408897,62127.6758452836,61212.52689899,60369.9858164166,59632.4639183815,58994.2436194318,58416.6983707051,57852.8057320713,57269.7655303516,56649.8341244123,55988.3040812716,55299.4758070229,54607.1093954098,53935.3562366645,53305.6482937598,52740.3225428716,52253.5001588796,51856.8077076718,51557.6871084274,51353.9223437756,51229.0997445973,51149.1753301498,55941.6,55941.6,55545,55116.9,54662.2,54187.3,53700.5,53210.8,52727.4,52259,51813,51388.3,50993.3,50629.3,50295.9,49991.7,49714.7,49462.6,49233,49023.6,48832.6,48664.3
57480.1052408897,50829.7929911455,50215.6285834225,49673.517740688,49214.5143413091,48854.8794279037,48595.5961264555,48410.0732876573,48250.54325116,48074.4490864699,47865.3133299674,47625.5791602767,47370.0651167935,47118.596231974,46905.9928266728,46786.8804744712,46811.3025301885,47000.3902635637,47345.8534724165,47818.6278209078,48367.5371227115,48925.0566520983,57176.1,57176.1,56779.5,56351.4,55896.6,55421.8,54934.9,54445.1,53961.6,53493.1,53046.9,52622.2,52227.2,51863.3,51530,51226,50949.1,50697.1,50467.4,50258.1,50067.2,49898.8
57480.1052408897,53619.0344985245,53097.3930743205,52417.874386023,51669.833127112,50943.6840618543,50316.7613326706,49839.724079627,49518.1394428299,49321.1826973375,49195.3577816008,49084.5243607283,48948.0523359412,48763.5660377527,48516.3318955616,48197.9207393785,47805.5632478178,47338.487051501,46797.9668922432,46183.3284188377,45494.2595593523,44748.5753180652,50891.7,50891.7,50495.1,50066.9,49612.2,49137.5,48651,48161.7,47678.8,47211.1,46765.8,46341.8,45947.4,45583.7,45250.4,44946,44668.6,44416,44186,43976.4,43785.3,43616.8
57480.1052408897,49792.9656914793,49263.5641988533,48786.5370286392,48388.7541455355,48093.1121354329,47917.0684614539,47871.4030531616,47953.5714988046,48152.0731220579,48451.1444388223,48826.6323703775,49239.0489021957,49635.7860448181,49958.6500687935,50157.9129318541,50209.4011312607,50125.8168354142,49955.5364139574,49767.5260955987,49630.8302978094,49581.5635986513,57001.2,57001.2,56604.6,56176.4,55721.7,55246.9,54760,54270.2,53786.7,53318.2,52872.1,52447.4,52052.2,51687.8,51354.1,51049.6,50772.6,50520.7,50291.3,50082.3,49891.5,49723.4
57480.1052408897,57603.9486051763,57514.2529832712,57369.1552800201,57166.4685889381,56898.0691543463,56565.3565010225,56184.8991357647,55788.0007363233,55407.4675961238,55067.3125755085,54776.0301758985,54532.2238585355,54331.7337521559,54171.1730562932,54046.7435560993,53952.4637019029,53867.9000376401,53758.1011492072,53592.0651292455,53356.2634366569,53049.8698441538,58493.6,58493.6,58097,57668.9,57214.1,56739.2,56252.3,55762.4,55278.7,54810.1,54363.8,53939,53544,53179.8,52846.2,52541.7,52264.5,52012.2,51782.4,51573.2,51382.3,51214.2
57480.1052408897,52859.9895995088,52428.3052513553,51957.4757618929,51440.3780860549,50857.4841338945,50196.6981756538,49466.5467458928,48700.4400619904,47952.6968564422,47284.6615157317,46748.5003859446,46375.345647698,46173.4064098627,46128.3656380366,46206.7276443984,46361.2262826813,46531.0543331565,46647.7419866217,46653.3897544227,46515.5247531339,46229.7153993349,51164.9,51164.9,50768.3,50340.1,49885.4,49410.7,48924.2,48434.8,47951.9,47484.2,47038.8,46615,46220.9,45857.5,45524.5,45220.2,44943,44690.4,44460.2,44250.4,44058.9,43890.3
57480.1052408897,58428.6916481684,57725.2593388452,57020.0858126607,56362.9419754021,55798.321397048,55353.9571351274,55035.0630401873,54828.2761950998,54706.3035901314,54634.2509940205,54572.3105955522,54488.2208370035,54356.3284591876,54144.2036646201,53810.8267869467,53320.319640155,52667.1192673729,51883.7148619153,51024.2344808922,50146.3800234146,49300.8976605636,53379.4,53379.4,52982.8,52554.7,52100,51625.2,51138.5,50649,50165.8,49697.8,49252.1,48827.8,48432.9,48068.8,47735.1,47430.7,47153.3,46900.9,46671.1,46461.7,46270.8,46102.6
57480.1052408897,51107.4930606588,50453.6401304347,49846.0118372872,49334.1631180684,48963.9119120659,48760.0192668111,48716.4962577367,48798.5979931229,48966.339385546,49185.6318239266,49428.6260257176,49670.8061821654,49889.4018620391,50067.2919954239,50199.0319747568,50286.088402415,50336.7845854775,50363.3422373484,50372.4383722525,50366.2476615504,50349.2411648888,57415.6,57415.6,57019,56590.9,56136.2,55661.3,55174.4,54684.6,54201,53732.5,53286.3,52861.6,52466.6,52102.4,51768.9,51464.5,51187.4,50935.1,50705.4,50496.2,50305.3,50137.1
57480.1052408897,54013.8909607099,53230.2406359873,52498.1968100934,51782.5124055888,51063.4497058574,50342.3749465191,49630.4288210935,48936.5291988165,48261.119413824,47602.3124442971,46968.5713932146,46377.9518413686,45852.7489034719,45407.6912127205,45044.1624655274,44757.9984395851,44547.0263029899,44412.2818689708,44361.3222038529,44407.0317713292,44559.8949181207,53217.3,53217.3,52820.7,52392.6,51937.8,51463.1,50976.4,50486.9,50003.8,49535.8,49090.1,48665.8,48271.3,47907.5,47574.2,47270,46993,46740.9,46511.4,46302.2,46111.3,45942.8
57480.1052408897,56403.905990152,55869.3326046213,55253.4262924706,54673.3027678532,54218.644926855,53930.6145382292,53790.2619311515,53723.9380103295,53644.5229011327,53489.0238882032,53236.7227824805,52909.1104352755,52557.4408285822,52239.402301927,51995.6636995062,51832.6415563258,51725.0374887132,51627.4047948517,51490.3878348912,51274.5010761708,50958.5884602105,55366.6,55366.6,54970,54541.8,54087.1,53612.3,53125.5,52635.8,52152.5,51684.2,51238.3,50813.8,50419,50055.1,49721.7,49417.4,49140.3,48887.9,48658.1,48448.5,48257.3,48089
57480.1052408897,52962.7915592215,52478.4010184369,51928.1101655652,51365.2282408218,50852.2539699191,50449.8132034891,50189.2329122046,50049.285192675,49958.5816677795,49835.3533218046,49629.1318549822,49337.536583366,48994.2581159305,48646.5042225094,48338.8328499824,48104.8067029025,47964.9274437745,47932.0038025798,48008.7614241087,48184.3681240876,48445.1965467417,55947.3,55947.3,55550.7,55122.6,54667.8,54193,53706.2,53216.4,52733,52264.7,51818.7,51394,50999.2,50635.2,50301.8,49997.6,49720.5,49468.3,49238.8,49029.8,48839.2,48670.9
57480.1052408897,52359.7667632903,51777.5358263559,51230.5078550433,50721.8772101956,50252.7332726726,49836.0915220185,49502.5182569125,49289.1603256275,49220.6870838687,49282.162988194,49410.5861989194,49519.5275689121,49537.4894872238,49430.7068247384,49202.7684891662,48872.9935375695,48469.6811059625,48036.667681244,47632.9868712094,47306.94147533,47073.5010112919,54206.6,54206.6,53810.1,53381.9,52927.2,52452.4,51965.7,51476.1,50992.9,50524.7,50078.9,49654.4,49259.5,48895.4,48561.8,48257.5,47980.4,47728.3,47498.7,47289.5,47098.8,46930.5
57480.1052408897,54224.1463462466,53448.1195171552,52711.0479610169,52035.8998530298,51445.5263584693,50948.9674055626,50538.0415054654,50196.5495289984,49905.8038793583,49640.9400708686,49371.2945268668,49069.720611947,48725.1804749935,48352.5863149932,47987.4060256199,47676.7621265335,47474.5183119039,47420.0993634647,47526.076107116,47765.9894385452,48072.6787671965,55905.1,55905.1,55508.5,55080.4,54625.6,54150.8,53664,53174.3,52690.9,52222.5,51776.5,51351.7,50956.7,50592.7,50259.4,49955.4,49678.6,49426.6,49197.2,48987.9,48796.9,48628.6
57480.1052408897,51755.1197238753,50760.8697831406,49880.2177292544,49103.5439510997,48411.7854803537,47784.9417857718,47197.6382123926,46625.9783658244,46048.5838342963,45451.0656169005,44829.8483445123,44201.2064545687,43601.5857972644,43077.1653497666,42670.1157059368,42410.9927811817,42319.2586585613,42402.2748113672,42645.0309875894,43018.0328272986,43486.3885370623,50471,50471,50074.4,49646.3,49191.6,48716.9,48230.4,47741.1,47258.3,46790.7,46345.4,45921.5,45527.2,45163.8,44830.9,44527.1,44250.2,43998.2,43768.6,43559.3,43368.1,43199.3
57480.1052408897,56350.5956232486,56310.291404595,56231.9572583768,56083.2407316746,55850.5190440685,55542.5179353065,55182.6022646721,54790.267461017,54379.6144145624,53964.8965323408,53561.9243578418,53188.6850086261,52857.3709181499,52573.030707355,52341.5261323819,52169.5687362352,52056.1003134017,51990.7274529881,51960.009038997,51948.7432609248,51949.0202852435,57460.2,57460.2,57063.6,56635.5,56180.7,55705.9,55219,54729.1,54245.6,53777.1,53330.9,52906.1,52511.1,52147.1,51813.6,51509.2,51232.1,50979.9,50750.4,50541.4,50350.6,50182.4
57480.1052408897,56061.3129057809,55959.7907233112,55752.7297423404,55459.0784763061,55093.6437467285,54668.4584161205,54186.4997882667,53646.2699486806,53057.9020825141,52454.4980852516,51872.4713148312,51334.1549898973,50835.3147991642,50355.0182635019,49876.0890440502,49390.165695359,48891.750334007,48383.0642168672,47888.0004702498,47449.7948979221,47111.2941319609,52148.7,52148.7,51752.1,51324,50869.2,50394.5,49907.9,49418.5,48935.5,48467.6,48022.1,47598,47203.4,46839.6,46506.1,46201.7,45924.5,45672.2,45442.6,45233.4,45042.6,44874.2
57480.1052408897,56345.0576030224,55848.1549020244,55395.3575201938,55017.4045388877,54726.9938331543,54520.2646809218,54370.0355691876,54239.2964598239,54099.9983450049,53941.7465582124,53763.6165309564,53553.3874527331,53285.5773416753,52938.7285754697,52510.0697588013,52012.7000758401,51474.2798249668,50933.3500913476,50437.5977355377,50044.5170644557,49806.6386487217,55377,55377,54980.4,54552.3,54097.5,53622.7,53135.9,52646.2,52162.9,51694.6,51248.7,50824,50429.1,50064.8,49731.1,49426.6,49149.4,48897.2,48667.8,48458.8,48268.3,48100.2
57480.1052408897,59116.835441886,59401.0056204949,59739.4217183817,60093.4870776747,60386.3499133917,60520.1240536798,60409.0112825409,60014.4730619073,59353.9687300467,58489.6167785184,57502.5606743061,56473.1898996297,55471.0996615217,54536.9032096955,53676.5181040939,52875.6704561314,52112.0517107195,51377.1601856732,50692.6741592154,50102.5282076035,49654.6688270907,56930.9,56930.9,56534.3,56106.2,55651.5,55176.6,54689.8,54199.9,53716.4,53248,52801.9,52377.1,51982,51617.8,51284,50979.5,50702.3,50450.1,50220.7,50011.8,49821.3,49653.2
57480.1052408897,50433.5314701555,50453.7372521062,50558.4663231436,50756.5146973879,51027.8274291559,51305.2057443298,51474.7668534098,51414.2888168954,51043.37256237,50357.1825098902,49423.0654971724,48359.2444336231,47300.8608466633,46360.5822360722,45611.2209797884,45094.446919409,44832.3318478102,44822.7038558326,45031.8726442728,45401.2395495481,45865.5988220589,53370.5,53370.5,52974,52545.8,52091.1,51616.3,51129.7,50640.1,50157,49689,49243.3,48818.7,48424,48060.5,47727.6,47423.8,47147.1,46894.9,46665.2,46455.9,46265,46096.4
57480.1052408897,65926.8431587302,65581.9016639499,65088.2443667915,64435.2142338058,63608.8410670006,62606.1177539931,61445.44733885,60171.2010298754,58851.4327066192,57563.8839841051,56376.2209971039,55342.4945554732,54501.939929485,53873.6180964929,53450.0656211383,53194.0998505308,53058.1040422862,53003.5584750607,53004.3138586478,53037.2078083498,53076.6975316459,58648.3,58648.3,58251.7,57823.6,57368.8,56893.9,56407,55917,55433.4,54964.8,54518.4,54093.7,53698.6,53334.5,53000.9,52696.7,52419.6,52167.5,51938,51728.9,51538,51369.8
57480.1052408897,54567.1726649789,54044.2926101867,53477.2480234176,52919.3649748892,52431.4168102556,52061.3617595146,51814.5829310093,51652.5753034102,51525.2135783221,51400.6358057638,51291.7634906574,51242.9337129235,51297.2875136877,51475.4238122647,51775.6724114253,52183.1868869266,52660.7086588128,53134.8393525409,53496.164849432,53632.5861208164,53483.2435646786,58047.4,58047.4,57650.8,57222.7,56767.9,56293.1,55806.2,55316.3,54832.7,54364.1,53917.8,53493.2,53098.4,52734.6,52401.3,52097,51819.7,51567,51337,51127.4,50936.2,50768
57480.1052408897,59328.69554507,57664.8923822358,55917.2464277888,54186.8910424668,52562.8693796288,51119.0918484955,49904.8833982542,48946.9173978233,48252.3466359635,47814.0493548554,47617.3422176247,47629.3675023639,47792.5664384632,48031.7327924331,48267.2443664602,48437.9662734869,48505.6617502289,48456.4276301866,48302.4611888939,48069.4500216247,47786.1016882153,53397.9,53397.9,53001.3,52573.2,52118.5,51643.7,51157.1,50667.5,50184.4,49716.3,49270.7,48846.5,48452,48088.2,47754.8,47450.5,47173.2,46920.7,46690.6,46481.1,46290.1,46121.7
57480.1052408897,59138.0909177638,59209.6221068448,59032.7995300958,58642.6117584522,58111.6893367288,57519.4610917618,56928.9243138368,56365.5313402304,55820.3204659686,55266.5200522676,54680.4831524041,54047.1125467634,53370.7564102214,52676.9766982094,52002.3022164608,51393.0962577045,50894.7616634452,50536.2367845271,50315.696186535,50196.1281879229,50111.4589376547,56653.9,56653.9,56257.3,55829.1,55374.4,54899.6,54412.7,53922.9,53439.4,52971,52524.9,52099.9,51704.8,51340.8,51007.4,50703.3,50426.4,50174.4,49944.9,49735.7,49544.6,49376.3
57480.1052408897,51804.6402942421,51352.7731988149,50922.2350073718,50537.6589206456,50209.7206012001,49936.4869754204,49709.4987212313,49507.3560170185,49306.6394369034,49090.2083714248,48846.2848214299,48558.3547020392,48208.7759150879,47784.5996207979,47285.5453098529,46728.3515352135,46139.0145177191,45544.4779856539,44965.8072721423,44414.9788357312,43896.4939968228,48306,48306,47909.4,47481.2,47026.5,46552,46065.6,45576.5,45094,44626.7,44181.7,43758,43363.8,43000.3,42667.2,42363.1,42085.9,41833.5,41603.6,41394.1,41202.8,41034
57480.1052408897,54788.794487152,54210.098271555,53592.4470544841,52945.5401852912,52293.8020740546,51668.9737333834,51099.1442674933,50603.0311472675,50188.4985153377,49846.2922976794,49551.3712003466,49272.7163399157,48979.6936956355,48652.5758348947,48295.5799976949,47934.4787037822,47611.5777151689,47371.7543636768,47238.3658443321,47197.5297232618,47199.4772036682,54306.4,54306.4,53909.8,53481.7,53026.9,52552.2,52065.4,51575.8,51092.6,50624.4,50178.6,49754,49359.2,48995.3,48662,48357.9,48081,47828.8,47599.2,47389.9,47198.9,47030.4
57480.1052408897,55594.8226414943,55539.1893666966,55332.6327587885,55000.7261881273,54587.9045437161,54136.509595813,53673.6437674668,53205.5831590354,52724.4106864984,52216.8368418904,51669.2554911664,51078.9123665331,50452.4140283074,49799.6341806006,49122.4679642601,48420.5263439267,47705.0946393119,47004.375620849,46349.86882822,45764.4420746093,45259.5288499646,48583.2,48583.2,48186.6,47758.4,47303.7,46829.1,46342.7,45853.6,45371.1,44903.7,44458.7,44034.9,43640.7,43277.2,42944,42639.8,42362.6,42110.3,41880.5,41671.1,41479.9,41311.2
57480.1052408897,57150.4519987823,56814.6106450973,56371.9621969642,55819.735772113,55153.9022744584,54374.0423099095,53500.6354056677,52575.6153567698,51643.3737225213,50732.6664005599,49856.4491123849,49021.338841959,48234.6513047228,47503.4290396414,46828.4072692778,46213.0613476237,45662.4178786467,45172.9419939929,44729.868692337,44309.4788046621,43881.8392905744,47827.2,47827.2,47430.6,47002.5,46547.8,46073.2,45586.9,45097.8,44615.4,44148.2,43703.3,43279.7,42885.6,42522.3,42189.4,41885.5,41608.4,41356,41126,40916,40724.3,40555.4
57480.1052408897,54330.5926252099,53919.6445323852,53432.1049292727,52891.3050156098,52320.504092668,51750.4679579221,51224.884829747,50794.8614768094,50499.8261280007,50355.70435541,50350.0829255192,50443.7971598594,50577.2033410579,50683.7457969885,50705.402685121,50603.0432930942,50378.5280498554,50066.0795658114,49704.0654363029,49313.9420595882,48901.589407994,55327.9,55327.9,54931.3,54503.2,54048.5,53573.7,53086.9,52597.2,52113.8,51645.6,51199.7,50775.1,50380.2,50016.1,49682.7,49378.3,49101,48848.6,48618.9,48409.6,48218.6,48050.4
57480.1052408897,51770.0527647691,51513.3824008538,51391.9573830999,51403.4997446678,51515.6259232601,51679.4394902305,51845.7700941453,51973.7480966204,52033.2057226848,52004.5019208857,51880.5329835233,51666.2316659052,51393.6949701538,51114.5365532264,50871.6186024219,50672.8346150304,50488.1367582861,50261.6708990958,49942.012864116,49508.576953146,48979.2358372016,52945.6,52945.6,52549,52120.9,51666.2,51191.4,50704.8,50215.3,49732.2,49264.2,48818.6,48394.5,48000,47636.3,47302.9,46998.5,46721.1,46468.6,46238.7,46029.2,45838.1,45669.6
57480.1052408897,53722.2578642823,53268.8483283261,52756.992418031,52211.6906120295,51652.3154150779,51098.3425315354,50591.2681079292,50199.245903927,49999.8079186611,50055.3970008177,50387.9258480163,50975.9384727813,51760.2414346927,52643.4216502092,53506.3675992858,54235.7878396883,54761.2406791083,55072.0015577957,55205.0301927846,55227.652070842,55215.5047468922,63293.4,63293.4,62896.8,62468.7,62013.9,61538.9,61051.8,60561.5,60077.5,59608.4,59161.6,58736.5,58341.1,57976.6,57642.6,57337.8,57060.3,56808.1,56578.7,56369.9,56179.6,56011.9
57480.1052408897,56964.2396393655,55979.4611660385,54950.3755577814,53917.7528461603,52903.9886240987,51925.7032097746,50995.1591268833,50119.2305775783,49303.2914345578,48564.4244234748,47944.0702469058,47503.1005233264,47295.3373682656,47336.4155455428,47615.1642113486,48100.6756157904,48738.3961309561,49457.0611294457,50174.3301402494,50806.1132392083,51277.0572549314,57332.5,57332.5,56935.9,56507.8,56053,55578.2,55091.3,54601.4,54117.9,53649.4,53203.3,52778.7,52384,52020.3,51687.2,51383.1,51106.1,50853.8,50623.9,50414.4,50223.2,50054.8
57480.1052408897,57212.1558498584,57609.7841395318,57924.6362052507,58121.9034217445,58205.4442480134,58205.6994478381,58147.198148008,58016.1980593588,57768.6481657905,57351.5014629268,56735.5746363437,55936.8214302318,55005.2132231422,54010.0247424049,53026.5824208235,52126.5857836737,51363.2438790856,50760.9486365005,50313.3455144672,49992.3355827534,49768.3800224944,54498.1,54498.1,54101.5,53673.3,53218.6,52743.8,52257.1,51767.4,51284.2,50816,50370.2,49945.5,49550.6,49186.6,48853.2,48549,48272,48019.8,47790.3,47581.2,47390.3,47222
57480.1052408897,53871.6815458618,53314.7316819598,52897.7255424241,52565.5478870744,52241.9071583656,51867.4354494921,51424.1614174331,50928.4105849592,50413.473653265,49904.7612463566,49419.9561665912,48968.8582602858,48549.2973397763,48148.9039966159,47747.4018623453,47327.9633915777,46898.8262455071,46500.5907825619,46183.6403474535,45978.8921949458,45885.7883024481,50679.7,50679.7,50283.2,49855,49400.3,48925.6,48439.1,47949.8,47467,46999.3,46554,46129.9,45735.3,45371.6,45038.4,44734.4,44457.5,44205.3,43975.7,43766.4,43575.2,43406.6
57480.1052408897,53125.0169707699,52867.5597158418,52425.8905811334,51829.2909641115,51131.1184632421,50379.9830149823,49606.4600797031,48829.9861281838,48065.0285621436,47324.387236442,46623.6769398773,45984.0723561668,45427.4089755627,44979.7091700515,44665.4899256144,44497.0935806107,44465.1981033888,44542.6755201752,44696.1333139748,44890.2498821557,45081.5957252669,51126.1,51126.1,50729.5,50301.3,49846.6,49371.9,48885.4,48396,47913.2,47445.4,47000.1,46576,46181.9,45818.4,45485.3,45181.4,44904.5,44652.3,44422.6,44213,44021.7,43852.9
57480.1052408897,50037.232797637,49975.1954588116,49950.4526658001,50000.817923553,50176.9992253842,50514.330626677,50998.188361818,51551.2756449076,52061.9293490725,52418.4924280526,52534.7853526278,52358.7836248338,51870.9418800345,51084.0371541843,50051.307939002,48866.9571868292,47642.3097058088,46488.3303498456,45508.9538347236,44784.0584425853,44351.0584656559,49838,49838,49441.4,49013.3,48558.5,48083.9,47597.4,47108.2,46625.5,46158,45712.8,45288.5,44893.6,44529.5,44195.9,43891.5,43614.5,43362.6,43133.3,42924.5,42733.9,42565.4
57480.1052408897,61049.057320402,60326.790304812,59363.3885553013,58214.9854345197,56949.9044252793,55639.2710921047,54347.8880807108,53128.1192921416,52011.6085884299,51018.2813052451,50163.6200111491,49458.4337286477,48907.4054082451,48501.0923819431,48216.000443835,48021.3815757344,47876.8973058687,47743.5021275678,47594.0391115704,47406.0433745943,47174.5031708368,51341.8,51341.8,50945.2,50517,50062.3,49587.6,49101.1,48611.7,48128.8,47661.1,47215.6,46791.8,46397.5,46034,45700.9,45396.8,45119.7,44867.3,44637.3,44427.6,44236.3,44067.6
57480.1052408897,56078.7080344961,56152.1105077103,56079.7955094898,55890.7398229058,55621.0395912173,55303.6095721033,54961.5992361585,54609.9222480472,54255.3442503666,53900.8103448381,53545.4024776761,53179.480691732,52785.5065040801,52346.1644523248,51854.120013474,51321.0824742605,50777.7284132558,50271.8676624064,49859.5054741281,49589.1407110047,49499.5151073473,55750.4,55750.4,55353.8,54925.7,54470.9,53996.1,53509.3,53019.6,52536.2,52067.9,51621.9,51197.2,50802.1,50438,50104.4,49799.9,49522.7,49270.5,49041.1,48832.2,48641.8,48473.6
57480.1052408897,56579.8562918238,56149.8128242379,55626.7115974481,55019.3259563844,54344.5004222399,53629.115312243,52911.2682839818,52225.5995377521,51595.1263440789,51023.5777134102,50504.9195897444,50037.7074934965,49622.7018949024,49264.4421571007,48968.7994959866,48740.8040446832,48572.5837647634,48444.6931009257,48340.9645706868,48270.8102432209,48277.114456776,53093.9,53093.9,52697.3,52269.2,51814.5,51339.7,50853.1,50363.5,49880.4,49412.5,48966.8,48542.6,48148.1,47784.5,47451.1,47146.8,46869.5,46617.1,46387.4,46178.1,45987.4,45818.9
57480.1052408897,59412.8762178789,58756.9448784389,58039.426503737,57237.5014890376,56338.4741512296,55347.6078816244,54287.0860351786,53191.5353842617,52097.7782755736,51047.9606207919,50092.2420130371,49282.6127633922,48667.6908688933,48273.4573627786,48082.9528882227,48049.4271950125,48121.1895814766,48262.352937575,48447.1015385999,48641.0419250276,48798.3206997851,56377,56377,55980.4,55552.3,55097.6,54622.8,54135.9,53646.1,53162.7,52694.3,52248.3,51823.8,51428.9,51065,50731.8,50427.6,50150.6,49898.4,49668.8,49459.6,49268.6,49100.2
57480.1052408897,51832.271582825,51648.0859356798,51476.8359914025,51298.0368839928,51073.9723223011,50770.0960238088,50381.1582791311,49932.7423619878,49464.4637495256,49009.2036525263,48582.4701961224,48188.4219097065,47830.9821923341,47526.7955869755,47297.6131870974,47153.9547116605,47086.573553602,47069.3857365792,47067.0709364377,47046.6169092128,46978.2412312052,55128.8,55128.8,54732.2,54304.1,53849.4,53374.6,52887.8,52398.1,51914.8,51446.6,51000.7,50576.2,50181.6,49817.7,49484.4,49180.3,48903.3,48650.9,48421,48211.5,48020.5,47852.1
57480.1052408897,52886.3044343334,51992.4353973668,51063.8022666492,50132.5595305294,49215.1818841685,48331.5886181326,47520.851443809,46843.4580581372,46360.7492157229,46113.0436883243,46119.6468675175,46371.4131430515,46820.3560467066,47381.3072084161,47956.168210265,48469.2983302347,48893.7687646105,49243.9203290329,49558.1921297224,49875.9463648852,50209.5433464063,54578.1,54578.1,54181.5,53753.4,53298.7,52823.9,52337.1,51847.5,51364.2,50896.1,50450.2,50025.9,49631.3,49267.3,48933.9,48629.6,48352.6,48100.5,47870.8,47661.3,47470.3,47301.9
57480.1052408897,50278.5897415986,49492.974836569,48721.4511662164,48022.9248278907,47437.5745849883,46975.2357805259,46626.9777420743,46381.0617865939,46228.8315479654,46157.8440537705,46142.7465788004,46153.0613218368,46167.0305447826,46183.3827565575,46220.0902338186,46301.6316118166,46452.6621011344,46690.9832916322,47025.5677258497,47452.7932722523,47948.1984468026,55449.2,55449.2,55052.7,54624.5,54169.8,53695,53208.2,52718.5,52235.1,51766.9,51320.9,50896.4,50501.6,50137.7,49804.3,49500.1,49223.2,48971.2,48741.8,48532.7,48341.8,48173.3
57480.1052408897,49853.4280479875,49490.1918967677,49198.5573141319,48955.2052694644,48736.3259557649,48530.4505818686,48337.2164737509,48158.354668657,47986.5919566989,47801.0160728514,47584.9884540129,47351.9671971528,47137.6928520811,46978.7215004423,46892.2674348185,46861.0929406437,46840.5581265506,46783.2792505074,46655.1636849947,46440.890227539,46139.623769748,50823.4,50823.4,50426.8,49998.6,49543.9,49069.3,48582.7,48093.4,47610.6,47142.9,46697.5,46273.7,45879.5,45516,45182.8,44878.6,44601.5,44349,44119,43909.3,43717.9,43549.2
57480.1052408897,54374.0624347032,53695.4306881126,52835.1603282769,51841.6730492655,50767.30055545,49668.0484724906,48601.4126888035,47622.3502090338,46780.1722701924,46111.6956365991,45635.0395814342,45358.7696645942,45281.4183359683,45383.92872192,45627.2629651754,45952.6608602659,46299.7452250811,46619.3539344515,46872.7933453067,47031.9997693228,47082.7210263255,54141.9,54141.9,53745.3,53317.2,52862.4,52387.7,51901,51411.3,50928.1,50460,50014.2,49590.1,49195.6,48832,48498.9,48194.7,47917.4,47664.8,47434.8,47225.2,47034.2,46865.7
57480.1052408897,50351.5808356835,50301.19837082,50220.4385922781,50121.2828269308,50043.7567892004,50035.1763760218,50127.406132536,50326.1687003618,50609.4707434623,50935.6815862101,51250.7109093439,51506.8664599065,51675.7767536203,51748.9296991539,51726.4919439441,51608.3706889113,51391.6149509534,51080.0001046017,50690.9431101642,50249.4705891296,49775.8622932073,54116.2,54116.2,53719.6,53291.5,52836.7,52362,51875.3,51385.6,50902.4,50434.3,49988.5,49564.1,49169.3,48805.2,48471.7,48167.3,47890,47637.7,47408,47198.5,47007.4,46839.1
57480.1052408897,51536.7251633582,50814.5743948285,50166.0295321636,49649.3830299009,49299.4050153933,49113.7936110707,49061.6089363806,49101.4646635676,49203.0932576344,49354.7916384039,49565.3080339652,49847.0375265575,50215.4525604028,50681.7026290604,51241.3448107652,51868.3222850879,52512.9539228525,53101.9839855506,53564.7269077235,53852.7473636396,53947.3703339075,62587.5,62587.5,62190.9,61762.8,61308,60833.1,60345.9,59855.7,59371.7,58902.7,58456,58031,57635.8,57271.6,56938,56633.5,56356.2,56103.9,55874.2,55664.9,55473.9,55306
57480.1052408897,56546.8135132378,56700.165229234,56930.0749991264,57219.971295939,57528.5610669549,57798.7845637939,57967.9054072729,57979.1248256393,57783.4779038115,57335.4613103497,56598.7083807741,55560.470801927,54255.726115552,52780.4808780958,51270.8561424103,49870.3078320242,48707.9814339307,47884.6627748911,47462.3153099475,47458.2677835316,47842.7687166063,54434.6,54434.6,54038,53609.9,53155.2,52680.4,52193.7,51704,51220.8,50752.6,50306.8,49881.6,49486.3,49122,48788.6,48484.5,48207.9,47956.3,47727.3,47518.8,47328.5,47160.2
57480.1052408897,46939.9656551919,46544.6671110594,46204.0518633445,45977.184091578,45912.7402847845,46021.7772346685,46270.4791570808,46599.991981183,46956.7732800221,47303.5274101117,47621.6085835226,47905.1114734387,48161.8442459422,48422.1245356962,48727.606682681,49093.9872682655,49486.2300343082,49834.3448431279,50059.7022617483,50100.0285267178,49919.39329657,57045.8,57045.8,56649.2,56221.1,55766.3,55291.5,54804.6,54314.8,53831.3,53362.8,52916.7,52492.2,52097.5,51733.6,51400.2,51095.9,50818.7,50566.2,50336.2,50126.5,49935.2,49766.9
57480.1052408897,49427.0231514596,49079.3036914995,48660.3263231707,48212.3403099865,47802.2669868463,47508.3238982931,47400.9292211255,47521.0755693162,47854.932524706,48331.4001832431,48849.7016865344,49312.1451217,49651.9815758965,49843.6312354044,49895.7103566581,49836.0337203123,49701.7833981122,49527.9832317161,49339.1106202364,49142.5779739703,48926.5371236807,54343.3,54343.3,53946.7,53518.6,53063.9,52589.1,52102.4,51612.7,51129.5,50661.3,50215.5,49791,49396.2,49032.2,48698.7,48394.5,48117.4,47865.2,47635.4,47426,47235,47066.6
57480.1052408897,51767.4183361542,52005.6717828882,52169.6819863696,52209.4118627704,52084.584604027,51781.7597658473,51314.3478141619,50711.4347566633,50010.5585479208,49255.7164306081,48489.5435774907,47755.0596538958,47095.0731085581,46543.4406650882,46109.2583636858,45776.464863635,45515.6882227917,45309.3681757591,45163.3944314742,45100.2529297474,45132.9664224478,48886.4,48886.4,48489.8,48061.7,47606.9,47132.3,46645.9,46156.8,45674.2,45206.8,44761.8,44338.2,43944.1,43580.7,43247.5,42943.3,42666.3,42414.1,42184.5,41975.1,41783.9,41615
57480.1052408897,52255.6934701299,52690.8592321156,53128.8472529956,53502.7866042743,53738.9860900399,53782.1153900008,53609.314405722,53234.7720753387,52701.1626483643,52069.8662566185,51420.7076407858,50846.2503120233,50429.0320997722,50203.3029749456,50133.4797923481,50135.3772926269,50117.579532789,50018.7685780108,49825.5739659594,49560.3961097276,49272.8376565197,57031.1,57031.1,56634.5,56206.4,55751.6,55276.8,54789.9,54300.1,53816.6,53348.1,52902,52477.5,52082.7,51718.6,51385,51080.5,50803.1,50550.6,50320.8,50111.7,49921.1,49753
57480.1052408897,55256.8930795542,55467.1560259213,55605.7117707567,55702.188017587,55757.7541538241,55737.6097058367,55582.4533080434,55238.9549007559,54686.889815517,53951.2725057119,53091.6607511958,52186.9002609754,51312.4048344972,50531.5366785302,49887.4428343974,49402.2436019406,49090.757622856,48959.587813494,49006.0522100899,49215.1493394372,49550.581828107,55599.8,55599.8,55203.2,54775.1,54320.3,53845.5,53358.7,52869,52385.6,51917.3,51471.4,51046.6,50651.7,50287.8,49954.5,49650.5,49373.6,49121.6,48892.2,48683,48492.2,48323.8
57480.1052408897,55339.0278420914,54703.6244275983,53941.4760565668,53069.7016884522,52114.804923552,51110.3375700633,50089.473891596,49082.5949013287,48104.2384371245,47153.2763162624,46228.5351304185,45340.027723341,44512.3502510925,43783.4408400404,43200.5490309682,42812.9297053466,42659.1117046272,42748.2100477417,43042.2775935844,43462.0511781269,43903.6315145389,52543.8,52543.8,52147.2,51719,51264.3,50789.6,50303,49813.5,49330.4,48862.5,48417,47992.6,47598,47234.5,46901.6,46597.8,46321.2,46069.2,45839.6,45630.1,45438.8,45270
57480.1052408897,53415.9529341926,53126.2933443976,52872.5356111068,52613.7699877182,52321.237074854,51994.8522140355,51651.6514020099,51312.206424166,50998.0753185869,50733.7992101486,50539.1741126261,50420.6734260959,50372.6226828137,50379.0161804244,50410.8623926794,50435.5178349258,50421.8514093367,50362.2069396267,50276.3120552509,50193.0305679957,50129.2215960935,57190.4,57190.4,56793.8,56365.7,55910.9,55436.1,54949.2,54459.4,53975.9,53507.4,53061.2,52636.6,52241.6,51877.4,51543.8,51239.4,50962.2,50710,50480.4,50271.2,50080.5,49912.3
57480.1052408897,59706.1013677277,59252.6941798188,58578.47566487,57739.4419606793,56808.9725197884,55869.2565352611,55001.3306680684,54263.5828926546,53682.0794000195,53241.4727447703,52899.3932684048,52605.2801538966,52322.673756879,52032.3079763816,51730.546233464,51422.6698899542,51115.7670863655,50816.0590245616,50536.0408445182,50313.0062288405,50211.758488524,56113.5,56113.5,55716.9,55288.8,54834,54359.2,53872.4,53382.6,52899.2,52430.8,51984.8,51560.2,51165.4,50801.3,50467.8,50163.2,49885.8,49633.4,49403.9,49194.9,49004.6,48836.4
57480.1052408897,50536.4730292157,50190.9194885357,49800.0841463385,49391.2299771759,48979.6763487586,48582.5974261843,48221.9210223,47931.690593856,47747.0033921034,47688.1760167168,47748.7924215225,47892.8093047735,48054.5395223645,48148.8455746979,48097.0062583272,47851.5291919717,47408.8760819368,46814.1794459956,46146.8453345037,45487.5646237838,44891.6615912575,51165.3,51165.3,50768.8,50340.6,49885.9,49411.2,48924.7,48435.3,47952.4,47484.7,47039.3,46615.2,46220.6,45856.7,45523.2,45218.8,44941.6,44689.1,44459.3,44250,44059.1,43890.6
57480.1052408897,53493.9103960636,53672.0518631263,53657.141296775,53440.9230440434,53041.4049604373,52492.2853136019,51837.8339831163,51126.442872367,50405.5762583295,49722.2699493438,49128.1464923996,48676.1597397593,48402.5773059053,48314.2599906125,48379.7638766831,48536.3923996133,48711.2662832341,48839.9966909538,48882.5118370538,48829.5477853807,48693.0382163821,55756.6,55756.6,55360,54931.9,54477.1,54002.3,53515.5,53025.8,52542.4,52074.1,51628.1,51203.8,50809.2,50445.3,50111.9,49807.5,49530.2,49277.8,49048.1,48838.6,48647.6,48479.2
57480.1052408897,57981.7825057215,57002.0990121169,56018.0264335296,55059.838927653,54154.9165067135,53327.7386628102,52602.5146411839,52002.0519577412,51538.0646098769,51200.5212016983,50961.2939559317,50793.0528870669,50673.7984841711,50581.3193475177,50480.2423221551,50329.3829123128,50101.4063531697,49807.3791052693,49492.5897967896,49209.2416875492,48996.8405662764,55820.4,55820.4,55423.8,54995.7,54541,54066.2,53579.4,53089.6,52606.2,52137.9,51691.9,51267.4,50872.4,50508.3,50174.7,49870.3,49593.1,49340.8,49111.2,48902.2,48711.6,48543.4
57480.1052408897,54113.8860556557,54298.2792151999,54433.9689639425,54448.8907688284,54290.2183945652,53947.9624656978,53452.2343608112,52849.0209904281,52182.9466759484,51493.6436453676,50821.1037623567,50212.245143106,49714.6289465002,49363.7443741115,49172.7704298856,49138.3501978202,49251.6456295529,49505.4754758812,49884.4948560491,50353.0416223982,50867.9159779349,57765.8,57765.8,57369.2,56941.1,56486.3,56011.5,55524.6,55034.7,54551.1,54082.6,53636.4,53211.6,52816.7,52452.7,52119.4,51815.2,51538.2,51286.1,51056.7,50847.7,50657,50488.7
57480.1052408897,54537.2223354529,53971.7982945162,53442.9339237227,52933.069737907,52406.7106182935,51836.3912960136,51216.0218425711,50563.1800649077,49912.2132256152,49294.4862224152,48726.1992111978,48207.1780724041,47729.4246954753,47294.7657969415,46918.7564259118,46622.8946921951,46427.8170374991,46338.5502947014,46339.5274681169,46398.4262658894,46480.4969663612,51814.7,51814.7,51418.2,50990,50535.3,50060.6,49574,49084.6,48601.6,48133.8,47688.3,47264.1,46869.8,46506.2,46173.2,45869.2,45592.2,45339.8,45110,44900.5,44709.4,44540.8
57480.1052408897,50846.0075579518,50236.3018580529,49738.68254663,49379.5040651878,49169.0648215066,49099.654437649,49142.6219146893,49257.4272105642,49397.0691743052,49509.9858408577,49540.2098281081,49442.2440464938,49198.9385004317,48833.4909707243,48400.5558775656,47959.1573256874,47561.1124105398,47244.0960222121,47031.2816227778,46931.513487353,46941.1716948251,55065,55065,54668.4,54240.3,53785.5,53310.8,52824,52334.3,51851,51382.8,50936.9,50512.2,50117.2,49753.1,49419.7,49115.4,48838.4,48586.3,48356.8,48147.8,47957,47788.7
57480.1052408897,52323.8984433224,51932.016269836,51543.9511605383,51255.3724587748,51117.2700464461,51128.5851529619,51252.5213716184,51445.4736814729,51679.4333222812,51930.5752905188,52169.5746886675,52360.1566948151,52468.868120506,52474.847797998,52375.0050060017,52187.3408231022,51954.0455564917,51729.6271385,51557.7882052418,51452.263360449,51406.4776820414,57550.5,57550.5,57153.9,56725.8,56271.1,55796.2,55309.3,54819.5,54335.9,53867.4,53421.2,52996.3,52601.1,52236.9,51903.3,51598.9,51321.7,51069.4,50839.9,50631,50440.4,50272.3
57480.1052408897,55912.1073921614,55600.2177267881,55275.2853925756,54966.7301804177,54680.257259158,54401.0348639373,54106.1405019812,53776.6093622542,53407.9766463195,53011.9639098685,52595.4773204018,52148.9561969228,51653.827680969,51099.6794609701,50485.1495737502,49805.5004920385,49057.3609737798,48247.3962522656,47397.5510235782,46538.4801632983,45698.675398581,50187.8,50187.8,49791.2,49363.1,48908.4,48433.7,47947.2,47458,46975.2,46507.6,46062.4,45638.4,45244,44880.2,44546.8,44242.5,43965.2,43712.7,43482.8,43273.2,43081.9,42913.4
57480.1052408897,52163.1406126344,51407.2488559968,50666.7841969425,49987.5783586636,49416.7032126545,48988.0567031718,48711.304511636,48562.8035989682,48490.3750316508,48419.7430915587,48269.2881706961,47978.0415599767,47525.3346044128,46933.0851454931,46250.8779648427,45536.0251376639,44844.3866289706,44221.6030686297,43700.9992032191,43296.2678431389,43000.0264430993,48604.3,48604.3,48207.7,47779.5,47324.8,46850.2,46363.9,45874.7,45392.2,44924.8,44479.8,44055.9,43661.6,43298,42964.9,42661,42384,42131.8,41902.1,41692.5,41501.4,41332.6
57480.1052408897,58536.9566156614,57900.6886011449,56984.7563562835,55846.658142779,54564.2105237765,53227.6337522581,51919.8305085464,50701.6706212694,49610.9044740678,48671.5711798803,47907.2070250195,47341.035694086,46992.8739393961,46873.6427996304,46971.0769397471,47249.7291381105,47652.825679483,48112.0525489773,48562.5814357578,48958.5402778318,49286.6609156034,57739.9,57739.9,57343.3,56915.2,56460.4,55985.6,55498.7,55008.8,54525.2,54056.7,53610.5,53186,52791.4,52427.6,52094.3,51790,51512.8,51260.3,51030.5,50821.2,50630.4,50462.1
57480.1052408897,51528.7382143301,50965.4705761317,50578.3997106605,50370.4162543877,50334.8010310619,50456.9267914016,50712.2856705768,51066.0918234079,51468.4390908896,51850.9693407738,52125.8338429305,52208.152025452,52043.1589965878,51624.9980396898,50996.8635566004,50240.0043431653,49456.0050856739,48735.3711881138,48139.450718416,47702.5096173934,47433.5247321156,51985.3,51985.3,51588.7,51160.6,50705.8,50231.1,49744.5,49255.1,48772.1,48304.3,47858.8,47434.3,47039.4,46675.5,46342,46037.8,45760.8,45508.7,45279.3,45070.1,44879.4,44711
57480.1052408897,55010.6164416449,54972.4782752592,54946.6383178171,54913.0867572455,54861.1901416772,54790.4414662384,54692.2858126928,54536.8169712933,54278.426612948,53888.6359387009,53379.5215811419,52796.3237713554,52200.9695481297,51647.0367493815,51166.1380428638,50760.0761052934,50408.1679782958,50083.061871996,49762.1404446709,49438.1061178017,49114.4592010615,54254.6,54254.6,53858,53429.8,52975.1,52500.3,52013.6,51524,51040.8,50572.6,50126.8,49702.4,49307.8,48944,48610.6,48306.3,48029.1,47776.8,47546.9,47337.6,47146.5,46978.2
57480.1052408897,54670.8480939896,54212.2823775713,53513.3093713208,52591.6572846411,51514.8369928868,50371.8207385854,49251.9138857513,48226.3090115889,47338.4328150754,46600.3992528016,45998.5462957984,45502.7546467787,45078.8639686843,44706.4123596354,44387.8255986676,44137.4233962334,43962.2917444706,43859.0260792044,43821.363952787,43848.3414361762,43938.1622316712,50506.1,50506.1,50109.5,49681.3,49226.6,48752,48265.5,47776.2,47293.4,46825.7,46380.4,45956.6,45562.4,45199,44865.8,44561.7,44284.6,44032.3,43802.6,43593.3,43402.3,43233.6
57480.1052408897,57971.884609024,57549.6658313552,57106.0262491264,56636.7302451986,56149.8648553601,55667.2249089109,55208.9832437206,54779.7422198554,54364.5489270123,53935.0553589262,53467.2470129526,52958.0741891311,52427.5957990934,51906.5371292623,51415.2130467939,50954.8988999752,50508.1413601586,50046.6704154755,49543.4495863127,48985.4053428157,48379.4401601796,53687.8,53687.8,53291.2,52863.1,52408.3,51933.6,51446.9,50957.3,50474.1,50006.1,49560.4,49136,48741.3,48377.4,48044.1,47739.7,47462.4,47209.9,46980,46770.5,46579.5,46411.1
57480.1052408897,55447.8372150536,54712.6997575318,53934.7398479383,53143.8502515207,52376.7334901908,51681.1505202417,51107.960536381,50687.4954092158,50409.3586318706,50214.2956071627,50022.4094315781,49776.2986783806,49460.4156000303,49092.1420124439,48703.5756016843,48328.7676670055,47997.9145807581,47736.7450754706,47565.0187190338,47500.5562038838,47560.7355162712,52568.5,52568.5,52171.9,51743.8,51289.1,50814.3,50327.7,49838.2,49355.2,48887.3,48441.7,48017.4,47622.7,47258.9,46925.5,46621.3,46344.3,46092.2,45862.6,45653.3,45462.4,45293.9
57480.1052408897,60651.1135529867,60649.6063997456,60325.7916628212,59693.9940529264,58795.9622989478,57717.5216406419,56576.9512111584,55493.1227183623,54550.833432912,53788.0344084669,53201.7393433414,52762.325442325,52429.862578345,52163.578425528,51930.1983043999,51703.9124589998,51462.97136175,51186.1009631896,50844.3311363939,50409.8761080216,49859.4470739748,55923.1,55923.1,55526.5,55098.4,54643.6,54168.8,53682,53192.3,52708.9,52240.5,51794.5,51369.9,50975.1,50611.2,50277.8,49973.6,49696.4,49443.9,49213.8,49004,48812.8,48644.5
57480.1052408897,54386.1352066357,54562.7629510893,54631.1516913201,54551.7475953637,54301.7462136517,53876.332737353,53287.3910715108,52558.7361566106,51729.2600112956,50848.2778370305,49978.9440945314,49185.0936687044,48522.6440799073,48028.7420470084,47720.7996819897,47605.4020757334,47690.3094949735,47975.787511018,48426.6816264532,48964.4734994226,49484.7408629698,58220.4,58220.4,57823.8,57395.7,56940.9,56466.1,55979.2,55489.2,55005.6,54537,54090.8,53665.8,53270.8,52906.9,52573.8,52269.9,51993.1,51740.9,51511.4,51302,51111,50942.7
57480.1052408897,58575.0201974412,57634.2668341152,56593.2464083615,55509.708456006,54449.5387594329,53474.6069287687,52632.8869101659,51955.3978868257,51457.4978481275,51141.8059988668,50997.2924598669,51001.0988775326,51116.6766642053,51289.7882781734,51445.8138145812,51502.6879146305,51395.5158182028,51098.7691250346,50635.7876211349,50073.1956096236,49491.3823122512,54134,54134,53737.4,53309.3,52854.5,52379.8,51893.1,51403.4,50920.2,50452.1,50006.3,49582.2,49187.6,48823.5,48489.9,48185.4,47908.1,47655.6,47425.7,47216.2,47025.2,46856.9
57480.1052408897,60737.8600705519,60733.1114267121,60536.1519794659,60192.72373273,59755.3177914642,59257.5236299157,58701.9894558652,58066.9052712234,57326.7806862952,56474.5443493706,55538.8897769553,54582.721123803,53678.3773751043,52866.3037715815,52142.4908060558,51477.070000705,50841.4222375457,50231.3862448688,49667.8409621045,49183.0187234941,48815.8859041423,53016.4,53016.4,52619.8,52191.7,51736.9,51262.2,50775.6,50286,49802.9,49335,48889.3,48465,48070.3,47706.4,47373,47068.7,46791.5,46539,46309.2,46100,45909.3,45741
